"Rep","At","Language","Variant","Laps","Seconds","Rate","Sha256"
"1","2026-09-16T16:18:41.3364480Z","csharp","rung-1-flat-array","1232","5.000998","246.351","FEA81C18EBFE"
"1","2026-09-16T16:18:48.8820056Z","fsharp","rung-5-bitset","7870","5.00063","1573.802","26FB6998DC97"
"1","2026-09-16T16:18:56.2257758Z","csharp","rung-0-baseline","642","5.006491","128.234","0FC0B93D4B0D"
"1","2026-09-16T16:19:03.6095505Z","csharp","rung-5-bitset","7074","5.000114","1414.768","7DF8F50FC42F"
"1","2026-09-16T16:19:11.1130861Z","javascript","rung-3-mark-from-square","2705","5.000625","540.932","37337FFA0322"
"1","2026-09-16T16:19:18.5219796Z","fsharp","rung-6-zero-means-prime","8164","5.000454","1632.652","C2C117DD1FF1"
"1","2026-09-16T16:19:25.8439487Z","csharp","rung-9-no-bounds-checks","7361","5","1472.2","1B0E27B2CBDF"
"1","2026-09-16T16:19:33.2351763Z","javascript","rung-1-typed-array","957","5.003073","191.282","147ED0E18C96"
"1","2026-09-16T16:19:40.3272420Z","go","rung-6-zero-means-prime","8906","5.000399","1781.058","DCEDF4501C73"
"1","2026-09-16T16:19:49.0907788Z","go","rung-2-sqrt-bound","2803","5.001382","560.445","9EEFD848FD6B"
"1","2026-09-16T16:19:56.4709603Z","javascript","rung-6-zero-means-prime","5897","5.000264","1179.338","C8DE3F942057"
"1","2026-09-16T16:20:03.8846554Z","fsharp","rung-4-odds-only","7083","5.000443","1416.475","AF5184E4D1D3"
"1","2026-09-16T16:20:11.2596279Z","javascript","rung-4-odds-only","6222","5.000203","1244.349","97FF02B7C94B"
"1","2026-09-16T16:20:18.6499904Z","csharp","rung-8-wheel-30","30977","5.000114","6195.259","F949610C7F0D"
"1","2026-09-16T16:20:26.0159304Z","csharp","rung-4-odds-only","7486","5.000178","1497.147","A9E38F0D58F6"
"1","2026-09-16T16:20:34.4260852Z","go","rung-0-baseline","1345","5.002557","268.863","8EFD26C59F34"
"1","2026-09-16T16:20:41.7764725Z","csharp","rung-6-pooled","7793","5.000522","1558.437","67FD9788EA7C"
"1","2026-09-16T16:20:50.2618786Z","go","rung-5-bitset","8323","5.000979","1664.274","6FBE0CFD07E3"
"1","2026-09-16T16:20:57.6831514Z","fsharp","rung-0-baseline","1190","5.001618","237.923","979613F22313"
"1","2026-09-16T16:21:05.0900661Z","javascript","rung-2-sqrt-bound","2536","5.001731","507.025","6CD17EE420CC"
"1","2026-09-16T16:21:12.4811813Z","fsharp","rung-1-array-create","1210","5.003634","241.824","2371EDE8D76D"
"1","2026-09-16T16:21:19.8420924Z","csharp","rung-7-cache-blocking","7616","5.000424","1523.071","741BCA8C0F40"
"1","2026-09-16T16:21:28.3614925Z","go","rung-4-odds-only","6361","5.001309","1271.867","9D3FB860C37B"
"1","2026-09-16T16:21:35.7663827Z","fsharp","rung-3-mark-from-square","2812","5.000201","562.377","8A5EC11F814D"
"1","2026-09-16T16:21:43.1784935Z","fsharp","rung-2-sqrt-bound","2627","5.000958","525.299","FEBDC9F2B820"
"1","2026-09-16T16:21:50.5559452Z","javascript","rung-5-bitset","5917","5.000512","1183.279","CA528B61F4BB"
"1","2026-09-16T16:21:57.9389858Z","csharp","rung-6-zero-means-prime","7699","5.000595","1539.617","D6CD0946F30C"
"1","2026-09-16T16:22:05.3063186Z","csharp","rung-3-mark-from-square","3148","5.000389","629.551","D1FDACCD0079"
"1","2026-09-16T16:22:14.1689715Z","go","rung-3-mark-from-square","2856","5.000163","571.181","194C5C38230D"
"1","2026-09-16T16:22:21.4627597Z","csharp","rung-2-sqrt-bound","3056","5.000709","611.113","7215D5B1FF79"
"1","2026-09-16T16:22:28.8703675Z","javascript","rung-0-baseline","393","5.005906","78.507","C3F9BCBD69F6"
"2","2026-09-16T16:22:35.9950590Z","go","rung-4-odds-only","6918","5.000347","1383.504","9D3FB860C37B"
"2","2026-09-16T16:22:43.3315913Z","javascript","rung-3-mark-from-square","2717","5.000838","543.309","37337FFA0322"
"2","2026-09-16T16:22:50.6928914Z","javascript","rung-6-zero-means-prime","5923","5.00039","1184.508","C8DE3F942057"
"2","2026-09-16T16:22:57.8877230Z","csharp","rung-5-bitset","7095","5.000116","1418.967","7DF8F50FC42F"
"2","2026-09-16T16:23:04.9878762Z","go","rung-3-mark-from-square","2856","5.000432","571.151","194C5C38230D"
"2","2026-09-16T16:23:12.1817937Z","csharp","rung-9-no-bounds-checks","7409","5.000244","1481.728","1B0E27B2CBDF"
"2","2026-09-16T16:23:19.3718958Z","csharp","rung-1-flat-array","1263","5.002581","252.47","FEA81C18EBFE"
"2","2026-09-16T16:23:26.5612647Z","csharp","rung-4-odds-only","7512","5.000326","1502.302","A9E38F0D58F6"
"2","2026-09-16T16:23:33.6630227Z","go","rung-5-bitset","9010","5.001437","1801.482","6FBE0CFD07E3"
"2","2026-09-16T16:23:40.8701554Z","csharp","rung-0-baseline","643","5.002048","128.547","0FC0B93D4B0D"
"2","2026-09-16T16:23:48.0657286Z","csharp","rung-6-zero-means-prime","7726","5.000198","1545.139","D6CD0946F30C"
"2","2026-09-16T16:23:55.2852826Z","csharp","rung-3-mark-from-square","3305","5.000089","660.988","D1FDACCD0079"
"2","2026-09-16T16:24:02.4631461Z","csharp","rung-8-wheel-30","30786","5.000005","6157.194","F949610C7F0D"
"2","2026-09-16T16:24:09.7326731Z","fsharp","rung-4-odds-only","7070","5.000328","1413.907","AF5184E4D1D3"
"2","2026-09-16T16:24:16.9974068Z","fsharp","rung-2-sqrt-bound","2722","5.001505","544.236","FEBDC9F2B820"
"2","2026-09-16T16:24:24.2705271Z","fsharp","rung-1-array-create","1158","5.00271","231.475","2371EDE8D76D"
"2","2026-09-16T16:24:31.5307210Z","javascript","rung-1-typed-array","950","5.005072","189.807","147ED0E18C96"
"2","2026-09-16T16:24:38.6247073Z","go","rung-0-baseline","1268","5.002585","253.469","8EFD26C59F34"
"2","2026-09-16T16:24:46.0162672Z","javascript","rung-0-baseline","422","5.010847","84.217","C3F9BCBD69F6"
"2","2026-09-16T16:24:53.2809334Z","javascript","rung-2-sqrt-bound","2541","5.001614","508.036","6CD17EE420CC"
"2","2026-09-16T16:25:00.5465852Z","fsharp","rung-5-bitset","7884","5.000316","1576.7","26FB6998DC97"
"2","2026-09-16T16:25:07.6559688Z","go","rung-6-zero-means-prime","8854","5.000937","1770.468","DCEDF4501C73"
"2","2026-09-16T16:25:14.8898053Z","csharp","rung-7-cache-blocking","7644","5.000075","1528.777","741BCA8C0F40"
"2","2026-09-16T16:25:22.1000740Z","csharp","rung-2-sqrt-bound","3021","5.000516","604.138","7215D5B1FF79"
"2","2026-09-16T16:25:29.3893346Z","fsharp","rung-3-mark-from-square","2384","5.00186","476.623","8A5EC11F814D"
"2","2026-09-16T16:25:36.7281499Z","javascript","rung-5-bitset","5882","5.000659","1176.245","CA528B61F4BB"
"2","2026-09-16T16:25:44.0019373Z","fsharp","rung-0-baseline","1188","5.000766","237.564","979613F22313"
"2","2026-09-16T16:25:51.2184515Z","csharp","rung-6-pooled","7755","5.0001","1550.969","67FD9788EA7C"
"2","2026-09-16T16:25:58.5432259Z","javascript","rung-4-odds-only","6129","5.000187","1225.754","97FF02B7C94B"
"2","2026-09-16T16:26:05.6650356Z","go","rung-2-sqrt-bound","2958","5.001072","591.473","9EEFD848FD6B"
"2","2026-09-16T16:26:12.9321993Z","fsharp","rung-6-zero-means-prime","8236","5.000675","1646.978","C2C117DD1FF1"
"3","2026-09-16T16:26:20.2734761Z","javascript","rung-5-bitset","5860","5.000779","1171.817","CA528B61F4BB"
"3","2026-09-16T16:26:27.5113622Z","javascript","rung-1-typed-array","932","5.004325","186.239","147ED0E18C96"
"3","2026-09-16T16:26:34.7146861Z","javascript","rung-3-mark-from-square","2701","5.001046","540.087","37337FFA0322"
"3","2026-09-16T16:26:41.9643172Z","fsharp","rung-0-baseline","1148","5.004085","229.413","979613F22313"
"3","2026-09-16T16:26:49.0878451Z","go","rung-4-odds-only","6537","5.001018","1307.134","9D3FB860C37B"
"3","2026-09-16T16:26:56.3657506Z","csharp","rung-5-bitset","7090","5.000124","1417.965","7DF8F50FC42F"
"3","2026-09-16T16:27:03.5612190Z","csharp","rung-7-cache-blocking","7638","5.000226","1527.531","741BCA8C0F40"
"3","2026-09-16T16:27:10.9734360Z","javascript","rung-0-baseline","423","5.008414","84.458","C3F9BCBD69F6"
"3","2026-09-16T16:27:18.0830975Z","go","rung-2-sqrt-bound","2739","5.000361","547.76","9EEFD848FD6B"
"3","2026-09-16T16:27:25.3113941Z","csharp","rung-3-mark-from-square","3101","5.000467","620.142","D1FDACCD0079"
"3","2026-09-16T16:27:32.5027046Z","csharp","rung-6-zero-means-prime","7592","5.00062","1518.212","D6CD0946F30C"
"3","2026-09-16T16:27:39.6992242Z","csharp","rung-0-baseline","632","5.003333","126.316","0FC0B93D4B0D"
"3","2026-09-16T16:27:46.9177182Z","fsharp","rung-2-sqrt-bound","2615","5.0013","522.864","FEBDC9F2B820"
"3","2026-09-16T16:27:54.1832030Z","javascript","rung-6-zero-means-prime","5806","5.000296","1161.131","C8DE3F942057"
"3","2026-09-16T16:28:01.4616414Z","csharp","rung-4-odds-only","7304","5.00058","1460.631","A9E38F0D58F6"
"3","2026-09-16T16:28:08.6758498Z","csharp","rung-6-pooled","7678","5.000574","1535.424","67FD9788EA7C"
"3","2026-09-16T16:28:15.9547700Z","fsharp","rung-6-zero-means-prime","8175","5.000615","1634.799","C2C117DD1FF1"
"3","2026-09-16T16:28:23.1606807Z","csharp","rung-9-no-bounds-checks","7455","5.000163","1490.951","1B0E27B2CBDF"
"3","2026-09-16T16:28:30.2899881Z","go","rung-5-bitset","8104","5.000365","1620.682","6FBE0CFD07E3"
"3","2026-09-16T16:28:37.3686367Z","go","rung-6-zero-means-prime","9132","5.000978","1826.043","DCEDF4501C73"
"3","2026-09-16T16:28:44.4551925Z","go","rung-0-baseline","1005","5.002154","200.913","8EFD26C59F34"
"3","2026-09-16T16:28:51.6017219Z","go","rung-3-mark-from-square","2809","5.000346","561.761","194C5C38230D"
"3","2026-09-16T16:28:58.8149672Z","csharp","rung-1-flat-array","1218","5.001159","243.544","FEA81C18EBFE"
"3","2026-09-16T16:29:06.0175818Z","csharp","rung-8-wheel-30","30483","5.000095","6096.484","F949610C7F0D"
"3","2026-09-16T16:29:13.2907515Z","fsharp","rung-4-odds-only","7037","5.000507","1407.257","AF5184E4D1D3"
"3","2026-09-16T16:29:20.4995665Z","csharp","rung-2-sqrt-bound","3000","5.000496","599.94","7215D5B1FF79"
"3","2026-09-16T16:29:27.9076430Z","javascript","rung-4-odds-only","5868","5.000714","1173.432","97FF02B7C94B"
"3","2026-09-16T16:29:35.1528339Z","fsharp","rung-1-array-create","1228","5.003942","245.407","2371EDE8D76D"
"3","2026-09-16T16:29:42.4329480Z","javascript","rung-2-sqrt-bound","2382","5.001084","476.297","6CD17EE420CC"
"3","2026-09-16T16:29:50.2379451Z","fsharp","rung-3-mark-from-square","2192","5.001156","438.299","8A5EC11F814D"
"3","2026-09-16T16:29:57.5308094Z","fsharp","rung-5-bitset","7837","5.00042","1567.268","26FB6998DC97"
"4","2026-09-16T16:30:04.8720436Z","javascript","rung-4-odds-only","6043","5.000749","1208.419","97FF02B7C94B"
"4","2026-09-16T16:30:12.0974153Z","csharp","rung-8-wheel-30","30801","5.000123","6160.048","F949610C7F0D"
"4","2026-09-16T16:30:19.3895900Z","fsharp","rung-4-odds-only","7029","5.000749","1405.589","AF5184E4D1D3"
"4","2026-09-16T16:30:26.6290575Z","csharp","rung-6-zero-means-prime","7698","5.000338","1539.496","D6CD0946F30C"
"4","2026-09-16T16:30:33.8420851Z","csharp","rung-7-cache-blocking","7586","5.000688","1516.991","741BCA8C0F40"
"4","2026-09-16T16:30:41.1479050Z","javascript","rung-2-sqrt-bound","2492","5.000215","498.379","6CD17EE420CC"
"4","2026-09-16T16:30:48.4106302Z","fsharp","rung-2-sqrt-bound","2608","5.000962","521.5","FEBDC9F2B820"
"4","2026-09-16T16:30:55.6647645Z","fsharp","rung-6-zero-means-prime","7968","5.000639","1593.396","C2C117DD1FF1"
"4","2026-09-16T16:31:02.8893835Z","csharp","rung-9-no-bounds-checks","7448","5.000622","1489.415","1B0E27B2CBDF"
"4","2026-09-16T16:31:10.2041536Z","javascript","rung-6-zero-means-prime","5946","5.000663","1189.042","C8DE3F942057"
"4","2026-09-16T16:31:17.3924957Z","csharp","rung-5-bitset","7139","5.000512","1427.654","7DF8F50FC42F"
"4","2026-09-16T16:31:24.4993572Z","go","rung-3-mark-from-square","2927","5.000619","585.328","194C5C38230D"
"4","2026-09-16T16:31:31.7439127Z","csharp","rung-4-odds-only","7456","5.000329","1491.102","A9E38F0D58F6"
"4","2026-09-16T16:31:38.9580844Z","csharp","rung-1-flat-array","1240","5.002201","247.891","FEA81C18EBFE"
"4","2026-09-16T16:31:46.3415978Z","javascript","rung-1-typed-array","961","5.000595","192.177","147ED0E18C96"
"4","2026-09-16T16:31:53.5722186Z","csharp","rung-2-sqrt-bound","2973","5.000551","594.534","7215D5B1FF79"
"4","2026-09-16T16:32:00.7770958Z","csharp","rung-6-pooled","7674","5.000627","1534.607","67FD9788EA7C"
"4","2026-09-16T16:32:07.9813686Z","csharp","rung-3-mark-from-square","3273","5.001657","654.383","D1FDACCD0079"
"4","2026-09-16T16:32:15.2106514Z","fsharp","rung-0-baseline","1142","5.002975","228.264","979613F22313"
"4","2026-09-16T16:32:22.5049205Z","fsharp","rung-1-array-create","1175","5.002846","234.866","2371EDE8D76D"
"4","2026-09-16T16:32:29.9042128Z","javascript","rung-5-bitset","5943","5.000494","1188.483","CA528B61F4BB"
"4","2026-09-16T16:32:37.1637775Z","fsharp","rung-3-mark-from-square","2872","5.001648","574.211","8A5EC11F814D"
"4","2026-09-16T16:32:44.2959035Z","go","rung-2-sqrt-bound","2978","5.000197","595.577","9EEFD848FD6B"
"4","2026-09-16T16:32:51.4092931Z","go","rung-5-bitset","8254","5.00199","1650.143","6FBE0CFD07E3"
"4","2026-09-16T16:32:58.5396505Z","go","rung-4-odds-only","6479","5.001107","1295.513","9D3FB860C37B"
"4","2026-09-16T16:33:05.9303030Z","javascript","rung-0-baseline","420","5.010951","83.816","C3F9BCBD69F6"
"4","2026-09-16T16:33:13.0465944Z","go","rung-6-zero-means-prime","9163","5.000707","1832.341","DCEDF4501C73"
"4","2026-09-16T16:33:20.3601959Z","javascript","rung-3-mark-from-square","2742","5.000677","548.326","37337FFA0322"
"4","2026-09-16T16:33:27.4643388Z","go","rung-0-baseline","1300","5.001448","259.925","8EFD26C59F34"
"4","2026-09-16T16:33:34.7134273Z","csharp","rung-0-baseline","650","5.002162","129.944","0FC0B93D4B0D"
"4","2026-09-16T16:33:41.9831365Z","fsharp","rung-5-bitset","7918","5.000247","1583.522","26FB6998DC97"
"5","2026-09-16T16:33:49.3278736Z","javascript","rung-5-bitset","5854","5.00086","1170.599","CA528B61F4BB"
"5","2026-09-16T16:33:56.4952694Z","csharp","rung-7-cache-blocking","7580","5.000627","1515.81","741BCA8C0F40"
"5","2026-09-16T16:34:03.7199764Z","csharp","rung-2-sqrt-bound","2969","5.000182","593.778","7215D5B1FF79"
"5","2026-09-16T16:34:11.1119376Z","javascript","rung-3-mark-from-square","2655","5.000385","530.959","37337FFA0322"
"5","2026-09-16T16:34:18.3392303Z","csharp","rung-6-zero-means-prime","7655","5.000565","1530.827","D6CD0946F30C"
"5","2026-09-16T16:34:25.6822216Z","javascript","rung-6-zero-means-prime","5857","5.000807","1171.211","C8DE3F942057"
"5","2026-09-16T16:34:32.7982984Z","go","rung-3-mark-from-square","2959","5.001487","591.624","194C5C38230D"
"5","2026-09-16T16:34:39.9995698Z","csharp","rung-1-flat-array","1238","5.002833","247.46","FEA81C18EBFE"
"5","2026-09-16T16:34:47.1282537Z","go","rung-4-odds-only","6679","5.000422","1335.687","9D3FB860C37B"
"5","2026-09-16T16:34:54.3969118Z","fsharp","rung-2-sqrt-bound","2482","5.00139","496.262","FEBDC9F2B820"
"5","2026-09-16T16:35:01.7711530Z","javascript","rung-4-odds-only","6089","5.000409","1217.701","97FF02B7C94B"
"5","2026-09-16T16:35:08.8818611Z","go","rung-6-zero-means-prime","8803","5.001361","1760.121","DCEDF4501C73"
"5","2026-09-16T16:35:16.0955470Z","csharp","rung-0-baseline","636","5.000774","127.18","0FC0B93D4B0D"
"5","2026-09-16T16:35:23.2010788Z","go","rung-5-bitset","9007","5.000753","1801.129","6FBE0CFD07E3"
"5","2026-09-16T16:35:30.4218649Z","csharp","rung-3-mark-from-square","3283","5.001264","656.434","D1FDACCD0079"
"5","2026-09-16T16:35:37.6639206Z","fsharp","rung-1-array-create","1252","5.001587","250.321","2371EDE8D76D"
"5","2026-09-16T16:35:44.9216302Z","fsharp","rung-3-mark-from-square","2828","5.001018","565.485","8A5EC11F814D"
"5","2026-09-16T16:35:52.0543955Z","go","rung-2-sqrt-bound","2762","5.000018","552.398","9EEFD848FD6B"
"5","2026-09-16T16:35:59.4228366Z","javascript","rung-2-sqrt-bound","2512","5.001571","502.242","6CD17EE420CC"
"5","2026-09-16T16:36:06.6812771Z","fsharp","rung-6-zero-means-prime","8247","5.000388","1649.272","C2C117DD1FF1"
"5","2026-09-16T16:36:13.8398850Z","csharp","rung-5-bitset","7106","5.000323","1421.108","7DF8F50FC42F"
"5","2026-09-16T16:36:21.0883033Z","fsharp","rung-0-baseline","1246","5.002347","249.083","979613F22313"
"5","2026-09-16T16:36:28.3554335Z","fsharp","rung-5-bitset","7812","5.000356","1562.289","26FB6998DC97"
"5","2026-09-16T16:36:35.6147194Z","fsharp","rung-4-odds-only","7072","5.0001","1414.372","AF5184E4D1D3"
"5","2026-09-16T16:36:42.8527470Z","csharp","rung-6-pooled","7809","5.000493","1561.646","67FD9788EA7C"
"5","2026-09-16T16:36:50.1635110Z","javascript","rung-0-baseline","414","5.008446","82.66","C3F9BCBD69F6"
"5","2026-09-16T16:36:57.4906751Z","javascript","rung-1-typed-array","967","5.001531","193.341","147ED0E18C96"
"5","2026-09-16T16:37:04.6118856Z","go","rung-0-baseline","1322","5.002104","264.289","8EFD26C59F34"
"5","2026-09-16T16:37:11.8270909Z","csharp","rung-4-odds-only","7503","5.000599","1500.42","A9E38F0D58F6"
"5","2026-09-16T16:37:19.0765388Z","csharp","rung-8-wheel-30","30661","5.00003","6132.163","F949610C7F0D"
"5","2026-09-16T16:37:26.2647635Z","csharp","rung-9-no-bounds-checks","7447","5.000512","1489.247","1B0E27B2CBDF"
